customer_id,total_spent,num_orders,avg_order_value
18102,580987.04,145,4006.8071724137935
14646,526751.52,145,3632.769103448276
14156,303069.88,144,2104.6519444444443
14911,272252.79,373,729.9002412868632
17450,244784.25,51,4799.691176470588
13694,195640.69,143,1368.1167132867133
17511,172132.87,60,2868.8811666666666
16446,168472.5,2,84236.25
16684,147142.77,55,2675.3230909090908
12415,144033.37,24,6001.390416666666
